{"alarm clock": [0.9597486590172163, 0.5796502410156493, 0.9784019863982486], "armchair": [0.43517770669578837, 0.9579446659735976, 0.5669665693259662], "backpack": [0.3729103862235348, 0.04865824593227219, 0.9975001752849548], "bag": [0.5748096024135716, 0.34264043476833583, 0.06620856410113429], "ball": [0.5443662085070045, 0.45137600752872464, 0.15483972244646105], "bar": [0.976927396971366, 0.6743764339815768, 0.12439800112341182], "basket": [0.45915636791358505, 0.8213477010654557, 0.4736500582454004], "bathroom cabinet": [0.9129704443031705, 0.0030293184719460964, 0.02689232280062559], "bathroom counter": [0.577036745232354, 0.27507556605850025, 0.08527510243749548], "bathroom stall": [0.9770954503525727, 0.601390179320453, 0.3574138916285998], "bathroom stall door": [0.7262944209819078, 0.6163138384159819, 0.7238688254908526], "bathroom vanity": [0.7062161252724355, 0.8448870298166286, 0.048671061399354176], "bathtub": [0.7051228322276387, 0.45925331978993034, 0.7282750087092844], "bed": [0.4870767321878082, 0.9969391147201766, 0.14537371260607634], "bench": [0.842443612957459, 0.9855937553320433, 0.4753385746669342], "bicycle": [0.87162420812967, 0.9081292024610844, 0.8058903350286051], "bin": [0.9994815209880819, 0.8792004380388037, 0.18704406709876797], "blackboard": [0.759660361953894, 0.13475678491964427, 0.8117332801866759], "blanket": [0.49920054851114004, 0.8356981998214208, 0.9123249975994722], "blinds": [0.12536151457364375, 0.7229181669061322, 0.544492985556859], "board": [0.2263917470825516, 0.2720979881327441, 0.7762017384429236], "book": [0.6675809404035957, 0.8059309236790416, 0.46607915818639645], "bookshelf": [0.515456564071283, 0.67521836688312, 0.33591008351229856], "bottle": [0.9801925733379723, 0.9817273921774107, 0.19841921020760678], "bowl": [0.4028824710822826, 0.9319486960933073, 0.8925436052873733], "box": [0.4653429485028171, 0.30913970697361637, 0.06303624612222802], "broom": [0.8136478876395716, 0.6857076305804521, 0.0678918877701209], "bucket": [0.6222065697071444, 0.8225533136063549, 0.6767957356250537], "bulletin board": [0.8220346113049006, 0.20820475100377156, 0.02475383528439512], "cabinet": [0.9890895475773782, 0.10592173587291842, 0.16799359714132078], "calendar": [0.6741429038881712, 0.7764704040733486, 0.8892421088813378], "candle": [0.18004566267053823, 0.9218638101510973, 0.379198047918205], "cart": [0.9471038048452977, 0.318561871479875, 0.8660971842151943], "case of water bottles": [0.27060119400348026, 0.6575985689699684, 0.6729337534209727], "cd case": [0.5829612822547279, 0.8095109035163475, 0.1312342685385759], "ceiling": [0.8939941724395589, 0.10428133106037041, 0.07680728509032309], "ceiling light": [0.15727957161117612, 0.9580728455767166, 0.8572781307091235], "chair": [0.7997177623218836, 0.06189212210045103, 0.35152981458680854], "clock": [0.7964856159836557, 0.38873098283571783, 0.1422673891016687], "closet": [0.22452969924920896, 0.48636788156108546, 0.40528180761872035], "closet door": [0.12843236661650126, 0.5734596707325977, 0.8492096223849358], "closet rod": [0.16696367573213255, 0.36103580887766296, 0.5363273933835102], "closet wall": [0.4855291811711562, 0.7822955852662085, 0.8713212536379383], "clothes": [0.057938577947533876, 0.24257274251599925, 0.13664955523868294], "clothes dryer": [0.1886920473345357, 0.2574408252396858, 0.7143817008846753], "coat rack": [0.24789511300799438, 0.7344495550602977, 0.0734582410702016], "coffee kettle": [0.3854419474357623, 0.6656031027564405, 0.8889030887340268], "coffee maker": [0.8687210920019364, 0.2934876631707404, 0.3472051110038322], "coffee table": [0.9744249443380438, 0.32177438191449725, 0.1943609875045308], "column": [0.9151180155281277, 0.6558276035143104, 0.26207908781034595], "computer tower": [0.32332785553416876, 0.8039505758661639, 0.5027251285341354], "container": [0.8421033546798521, 0.9237891980370777, 0.566366288198266], "copier": [0.6143127974180527, 0.7151079766849929, 0.3666595905613833], "couch": [0.9953682819686837, 0.6202492242341812, 0.5514396415663647], "counter": [0.9166984853657582, 0.1394130657527144, 0.7910868348623371], "crate": [0.3743795457364464, 0.5684422412132123, 0.981606046822327], "cup": [0.4331364115429015, 0.3601330542470933, 0.8785414344534765], "curtain": [0.7839670650326422, 0.39049873566298565, 0.5516288782790837], "cushion": [0.3144610858714415, 0.536770283603998, 0.3254057560860908], "decoration": [0.7300157483444933, 0.798781836628671, 0.03797151380399488], "desk": [0.47016189686709353, 0.5517924511119898, 0.34945717642944363], "dining table": [0.10308128044032916, 0.93743790958752, 0.6004751168183228], "dish rack": [0.05369967109541285, 0.24016588248776805, 0.7887692122442709], "dishwasher": [0.24689058887245963, 0.581788800857224, 0.10376730780378274], "divider": [0.7791095461881592, 0.18606329280030487, 0.01409616829910898], "door": [0.07308447722589273, 0.12595331806888022, 0.4499645596511571], "doorframe": [0.0057442886262542014, 0.6591421335260695, 0.5241025586830803], "dresser": [0.09573517650663621, 0.6602831308913876, 0.5955316039172545], "dumbbell": [0.2709093533138405, 0.08215397714754691, 0.2291318377563778], "dustpan": [0.506461179189364, 0.03168109338474423, 0.3913766716738649], "end table": [0.6534850609788452, 0.4303046733280166, 0.1792332000633976], "fan": [0.7257598438247486, 0.03186596056835522, 0.49980667706445236], "file cabinet": [0.9544874909987501, 0.08175556718087373, 0.1277267532291152], "fire alarm": [0.33548193780212965, 0.746628415666227, 0.3686555539805607], "fire extinguisher": [0.07618879906421727, 0.2824466437262191, 0.570039251400389], "fireplace": [0.4786959401875328, 0.22733683990780718, 0.7759674318380587], "floor": [0.5903366599725103, 0.3296449093638878, 0.7981967272843591], "folded chair": [0.05598800687467853, 0.5209646160879201, 0.4929250660977318], "furniture": [0.8712626984174942, 0.4775698410475204, 0.19829332365803887], "guitar": [0.5286400953884528, 0.6444118474258951, 0.5345047340387707], "guitar case": [0.6290489448085989, 0.5053152555866459, 0.08712692442493186], "hair dryer": [0.12426764071459173, 0.5874315283076921, 0.2836837282832001], "handicap bar": [0.7734017450703038, 0.20476051825580754, 0.838644390075555], "hat": [0.7370144293377626, 0.4430733377679169, 0.7634722167532185], "headphones": [0.3214602789457338, 0.17000822128403137, 0.07213108288952741], "ironing board": [0.9101239597439171, 0.47604135721459984, 0.41190975975981625], "jacket": [0.22770796140881688, 0.3698068638991441, 0.7028860069196433], "keyboard": [0.14734992400892477, 0.22950523631584985, 0.2887996453972854], "keyboard piano": [0.914049571871573, 0.9439237560844914, 0.1562066692633064], "kitchen cabinet": [0.6907468638215928, 0.2627072909028949, 0.696824119092314], "kitchen counter": [0.577538205067136, 0.7721590203403182, 0.5803483868599983], "ladder": [0.28485085565386714, 0.9834011058462182, 0.608468234476537], "lamp": [0.7790751172883331, 0.8279807098355106, 0.35052441617029984], "laptop": [0.9169834284726062, 0.45858583721763746, 0.20673402999837942], "laundry basket": [0.27510488127096133, 0.71443417060005, 0.8913050184210619], "laundry detergent": [0.2693244431492775, 0.5344780792903323, 0.7238074230807406], "laundry hamper": [0.26112125675431697, 0.1688623332944693, 0.8523738652566735], "ledge": [0.34355408405895105, 0.43688711547822445, 0.7354616048008378], "light": [0.514915962880704, 0.8262635196250658, 0.07757399119648234], "light switch": [0.377025211266355, 0.5017799200751261, 0.21013065127096175], "luggage": [0.2429965370566799, 0.7248720163265931, 0.37422231745236667], "machine": [0.07691946218236856, 0.5064485650365914, 0.40136910613602494], "mailbox": [0.3301693822282695, 0.36618058163074774, 0.3930710840345064], "mat": [0.7337021674620207, 0.40337985199463033, 0.1876343689466201], "mattress": [0.12089298430889073, 0.6547043705519886, 0.7193790515227283], "microwave": [0.6898185296966062, 0.6600505612513277, 0.5645936055089262],